date,metric,z_score,value,direction
2025-07-13,activity_steps,-2.032024731699228,2405.0,low
2025-07-22,activity_steps,-2.1324988492349095,1867.0,low
2025-08-08,activity_steps,2.7701444457460105,17636.0,high
2025-09-04,activity_steps,2.099034806794529,17254.0,high
2025-09-16,activity_steps,2.0746333422043395,16707.0,high
2025-09-17,activity_steps,2.156952719359699,17552.0,high
2025-09-21,activity_steps,2.932744666643438,21720.0,high
2025-10-08,activity_steps,2.5213666899161415,23192.0,high
2025-12-15,activity_steps,-2.02741828878584,323.0,low
2026-02-05,activity_steps,-2.0295389733777283,3225.0,low
2026-02-07,activity_steps,-2.2590326049648626,1186.0,low
2025-07-13,activity_active_calories,-2.389309201544457,40.0,low
2025-07-28,activity_active_calories,2.0408313893819727,1651.0,high
2025-09-04,activity_active_calories,3.0063068919921876,1932.0,high
2025-10-08,activity_active_calories,2.522566489200116,1490.0,high
2025-10-09,activity_active_calories,2.0691490894435685,1415.0,high
2026-02-04,activity_active_calories,2.367305049743179,1804.0,high
2026-02-07,activity_active_calories,-2.072170343660329,50.0,low
2025-07-24,activity_resting_hr,2.0003623985637375,63.0,high
2025-07-27,activity_resting_hr,2.2279735111736927,65.0,high
2025-08-17,activity_resting_hr,-2.2664037465803863,51.0,low
2025-09-13,activity_resting_hr,-2.539304363545662,46.0,low
2025-11-07,activity_resting_hr,2.124989973439209,58.0,high
2025-12-09,activity_resting_hr,2.0498212763112127,57.0,high
2025-12-12,activity_resting_hr,2.16701076772169,58.0,high
2026-01-04,activity_resting_hr,2.121167059857758,62.0,high
2026-01-14,activity_resting_hr,-2.0008761141390714,53.0,low
2026-01-15,activity_resting_hr,-2.171581397453462,52.0,low
2026-02-05,activity_resting_hr,2.2524716319004607,61.0,high
2026-02-15,activity_resting_hr,2.7031189245257385,62.0,high
2026-03-30,activity_resting_hr,2.0687180439637225,63.0,high
2025-07-20,sleep_total_hours,-2.12812092622208,3.8,low
2025-07-23,sleep_total_hours,-2.000901285965481,3.72,low
2025-09-20,sleep_total_hours,-3.5468210159236455,2.92,low
2025-10-03,sleep_total_hours,-2.288476308866547,3.38,low
2026-01-30,sleep_total_hours,2.347090030891337,9.18,high
2026-02-01,sleep_total_hours,2.192880872615768,9.28,high
2026-02-02,sleep_total_hours,2.629953615705014,10.01,high
2026-03-09,sleep_total_hours,-2.479372065096622,4.72,low
2026-03-18,sleep_total_hours,-3.0752134343091315,3.7,low
2025-07-20,sleep_score,-2.624875357606289,21.0,low
2025-08-31,sleep_score,-2.5423481396654495,47.0,low
2025-09-11,sleep_score,-2.120708583590409,48.0,low
2025-09-14,sleep_score,-2.1256923508498646,47.0,low
2025-09-20,sleep_score,-2.5633584646691174,33.0,low
2025-11-21,sleep_score,-2.8784916685157027,41.0,low
2025-11-22,sleep_score,-2.2402724163385552,45.0,low
2026-02-03,sleep_score,-3.9867457577146967,52.0,low
2026-02-15,sleep_score,-2.2702203851071046,59.0,low
2026-02-28,sleep_score,-2.319530028849561,54.0,low
2026-03-09,sleep_score,-2.1091303521467846,59.0,low
2026-03-18,sleep_score,-2.90188659006055,48.0,low
2025-08-15,sleep_deep_hours,2.1164227260184587,1.88,high
2025-08-23,sleep_deep_hours,2.0882568169468976,1.97,high
2025-08-31,sleep_deep_hours,-2.1927106055390984,0.7,low
2025-09-21,sleep_deep_hours,-2.089464127718125,0.5,low
2025-10-06,sleep_deep_hours,2.44123021020813,2.27,high
2025-11-04,sleep_deep_hours,2.095504135606279,2.1,high
2025-11-16,sleep_deep_hours,2.230522872164308,2.05,high
2026-01-20,sleep_deep_hours,-2.436412740118592,0.52,low
2026-02-21,sleep_deep_hours,2.386415338323456,1.83,high
2026-03-02,sleep_deep_hours,2.077623263527804,1.87,high
2025-07-20,hrv_last_night_avg,-2.7289863906800575,31.0,low
2025-08-27,hrv_last_night_avg,2.2033789172083926,59.0,high
2025-08-28,hrv_last_night_avg,2.2445528116643527,60.0,high
2025-08-29,hrv_last_night_avg,2.366144359118001,62.0,high
2025-09-03,hrv_last_night_avg,2.267214561040438,63.0,high
2025-09-04,hrv_last_night_avg,2.7075790404751907,68.0,high
2025-09-06,hrv_last_night_avg,2.6210843710092115,70.0,high
2025-09-07,hrv_last_night_avg,2.3141419658253803,70.0,high
2025-09-08,hrv_last_night_avg,2.5636111925214813,75.0,high
2025-09-13,hrv_last_night_avg,2.1563769617398116,77.0,high
2025-10-22,hrv_last_night_avg,-2.331830419994842,39.0,low
2025-11-19,hrv_last_night_avg,2.348289675541878,66.0,high
2025-11-20,hrv_last_night_avg,2.1941928953041754,67.0,high
2026-02-03,hrv_last_night_avg,-2.2732174118179063,40.0,low
2026-02-15,hrv_last_night_avg,-2.560906596635908,39.0,low
2025-07-20,body_battery_charged,-2.3317528774664544,19.0,low
2025-07-23,body_battery_charged,-2.2017753918511627,18.0,low
2025-08-09,body_battery_charged,2.466291436917454,102.0,high
2025-09-07,body_battery_charged,2.0973713988109868,107.0,high
2025-09-17,body_battery_charged,-2.538956702540364,34.0,low
2025-09-21,body_battery_charged,-2.179254896495883,35.0,low
2025-10-14,body_battery_charged,-2.8719253080951543,8.0,low
2025-12-07,body_battery_charged,2.2188559052550674,105.0,high
2025-12-12,body_battery_charged,-2.826197869751676,0.0,low
2025-12-16,body_battery_charged,-2.4061630607133875,0.0,low
2026-02-05,body_battery_charged,-2.011568247258377,41.0,low
2026-02-07,body_battery_charged,-3.753541624529649,7.0,low
2026-03-01,body_battery_charged,-2.8419373199942717,0.0,low
2026-03-03,body_battery_charged,-2.2534475675282315,5.0,low
