date,z_activity_steps,z_activity_active_calories,z_activity_resting_hr,z_sleep_total_hours,z_sleep_score,z_sleep_deep_hours,z_hrv_last_night_avg,z_body_battery_charged,z_stress_overall,anomaly_score
2025-06-26,,,,,,,,,,
2025-06-27,,,,,,,,,,
2025-06-28,,,,,,,,,,
2025-06-29,,,,,,,,,,
2025-06-30,,,,,,,,,,
2025-07-01,,,,,,,,,,
2025-07-02,,,,,,,,,,
2025-07-03,,,,,,,,,,
2025-07-04,,,,,,,,,,
2025-07-05,,,,,,,,,,
2025-07-06,,,,,,,,,,
2025-07-07,,,,,,,,,,
2025-07-08,,,,,,,,,,
2025-07-09,-0.7286430885573613,0.5214229544777527,0.11347666524409229,0.046482007958535694,-0.44109228388178795,-0.22503791510573368,-0.6873017684614471,-0.9705128465767462,,0.46674619128293215
2025-07-10,0.5581737838923497,1.7977025490947964,1.5000000000000009,-0.38163962891033926,-0.4242739130663548,1.3695366642016606,-1.0216859254634285,-0.9540390805869409,,1.000881443151984
2025-07-11,-1.119709008759811,-0.492125216190621,1.7236445991634577,-0.5201710332042246,-1.0434746517379696,-0.10592487803738083,-0.5858171434123273,-0.4786525205343256,,0.7586898813800147
2025-07-12,-0.7692449130305983,-1.3034788773834178,0.7664763204391459,0.5154187416161293,0.3793452396272415,-1.1674154971696151,0.5138789805244562,-0.009495293495526708,,0.6780942329107663
2025-07-13,-2.032024731699228,-2.389309201544457,1.8636930182675724,-1.101608194606223,-0.3213141863126887,-0.30053386773549073,-0.4723470496688176,-0.009243748548081904,,1.06125924979782
2025-07-14,1.4140808090923782,0.819956455379132,0.5694414468781895,0.22597043750313764,0.4504128715783726,-0.33829205958392267,0.535294803955756,-0.49208029207555926,,0.605691147005806
2025-07-15,0.13807188715115368,0.5869382379254922,-0.7016464154456247,0.4024314531600171,0.5471402434883232,0.38384755260489123,-0.06146003566623926,-0.42287017734582394,,0.4055507503484457
2025-07-16,-0.7504274309902179,-0.04402597638551716,0.1712665564977051,-0.16504799130864245,0.30515853137522175,-0.18675092934060677,-0.6531540824286611,-0.13012711621126066,,0.30074482681722914
2025-07-17,0.8805847784874341,0.1007800932733055,-0.2717164542233984,-0.3114878705723215,0.2978199721439715,-0.35702500552656646,0.12336961820450283,0.6782831630743187,,0.3776333694382274
2025-07-18,0.08996998193305517,0.6344261592448771,0.18401868452464412,0.8408983373642447,0.1715549354730063,0.41770386451379077,0.12074086216464062,-0.5686009413643824,,0.37848922082283015
2025-07-19,-0.8103709552675649,-0.2606901241441747,0.6352234031660253,0.1588122332552092,-0.3221014590409692,-0.11366005379161363,0.5937071923292327,-1.011853537971734,,0.48830236987081543
2025-07-20,-0.45122217919706853,-1.8560915720927347,0.6177498740042766,-2.12812092622208,-2.624875357606289,-1.292422988590732,-2.7289863906800575,-2.3317528774664544,,1.7539027707324615
2025-07-21,-0.6147857466256218,-1.0903412969315756,1.8733108507564769,-0.7007679229254261,0.10507346345498633,-1.6856354528127067,-0.2184062167890554,-0.14963234389624452,,0.8047441617740116
2025-07-22,-2.1324988492349095,-1.8683897571038903,0.051576338394832624,0.02422972323309209,0.48416404463151924,-1.0975432179204871,0.06433933959823866,0.3434567285341054,,0.7582747498313843
2025-07-23,-0.41079900390824714,-0.8558260180130182,1.7601235797044577,-2.000901285965481,-1.5108381872194259,-0.9365855589154103,-1.3134929754359468,-2.2017753918511627,,1.3737927501266438
2025-07-24,-1.4359104681091013,-0.7445201998556413,2.0003623985637375,-0.6601928939609791,-0.3473880844804063,-1.0972438209461604,-1.253386414152444,-0.9719006776489553,,1.0638631197146782
2025-07-25,-1.682297430357202,-1.586512709752824,1.8446184851952383,-1.8423373546369919,-1.2925109369580956,0.914852960425937,-1.2009163616108842,-1.3221450446556433,,1.460773910449102
2025-07-26,-0.9589368157549923,0.24710201032986623,1.3527426450568718,-0.13421554443154135,0.5228415135227434,1.6340977420225702,-0.36306773723119773,-0.06716476144042245,,0.6600210962237757
2025-07-27,0.3540262666514637,1.0698050247595525,2.2279735111736927,-0.7269271513469477,-0.7926013119757549,-0.24447068994741047,-1.2478929685383806,-1.4733273955707928,,1.0171280399954994
2025-07-28,0.9717276716644673,2.0408313893819727,0.7291599985399628,-0.059269608283170835,0.7119562282946956,1.347577360438679,0.013882703185275201,0.023054586839467064,,0.7371824433284613
2025-07-29,-0.8806289096881451,-0.7854996208780783,0.32402381242697137,0.5604446635329132,-0.3314742194582176,1.3907870209163606,0.8255072022654724,1.135687357459681,,0.77925660082823
2025-07-30,0.1451000061440032,-0.12200727877805095,1.6915313926734379,0.15639517285659035,0.05796870534638925,0.026033704763935798,-0.3978670332582185,-0.5832305221702485,,0.3975167269988593
2025-07-31,0.43461114874528434,-0.3468793581730419,0.8960049434891898,-0.0828379409511957,0.6206373205220245,0.9367625800261989,-0.06319966274346225,0.3143023226506189,,0.461904409662627
2025-08-01,0.990946330989584,1.0050457862640558,-0.6400035310637054,-0.09456451677239772,0.5330817416094438,0.9112737687879886,1.1802040268549046,0.9417336988009724,,0.7871066751428816
2025-08-02,1.0944965217668134,0.8974321473014574,-0.7505393743954983,0.4631922398140919,0.8559247481969378,-0.6506248030846474,0.8511979336461459,0.5307091751250033,,0.7617646179163244
2025-08-03,1.5990819759406754,0.4736933716583657,-0.31913254595762874,-0.4435276373797239,0.32258124371077496,0.9791729674622468,-0.53069418493659,0.967631768387688,,0.7044394619292117
2025-08-04,0.9476512906200656,-0.6638510958500758,-0.33559105951038176,1.8179036658124048,0.8285910377668931,0.5678214780385072,-0.15738526759545937,0.86130499726948,,0.7725124865579085
2025-08-05,0.6274653563601952,0.1662167052832338,-0.3210565940118497,-0.5662624694825942,0.39556225564602543,0.15621318145809227,0.12895253222869515,0.07982288942820129,,0.3051939979873609
2025-08-06,1.4045306998388998,0.9501257094386601,-1.5335570608415605,-0.5324745175791641,0.2300409163574674,-0.23243808236624888,1.4843980774046024,1.5768570561675568,,0.99305276499927
2025-08-07,0.11021881967227187,-0.0826681024922766,-0.764413734968803,0.2279549416614988,0.6933684601689479,0.018846331002668828,-0.05165165325784436,-0.5202838760457535,,0.30867573990875813
2025-08-08,2.7701444457460105,1.6600363788276415,-1.1890880321736943,-1.1853818397419318,-0.5255922865366984,0.6168638118874147,-0.7171011204061937,-0.3391752523431408,,1.1254228959578407
2025-08-09,-1.2863001110765995,-0.2379213561105353,-1.8446184851952399,1.2113863911262304,1.920049719055728,1.6927437880257834,1.0851001892337626,2.466291436917454,,1.4680514345926667
2025-08-10,1.2201857065682697,1.614128340568255,-1.6824245411933298,1.0845940093382356,0.9169153689030628,1.3738897084173411,0.22496848722505194,1.7001068173650393,,1.2271516224473231
2025-08-11,1.1839356651805404,0.053853317456597445,-1.5601279089058941,1.1656903515904422,0.7670645952149258,-0.3326971818386894,0.42357433885336976,0.34141489365117583,,0.7285447815864543
2025-08-12,0.5009778942647586,-0.46746203038084194,-0.4293088584914686,1.0030357048128893,0.7873756318640155,-0.019481709215330028,0.24019548135867128,0.49185327574047905,,0.4924613232660568
2025-08-13,0.8451448113432987,0.3880891715676998,-0.4157828911117613,0.13220430969082517,-1.084609552086187,0.746921080150184,-0.23361377105157052,-0.3348689277669219,,0.522654314346056
2025-08-14,0.25298468442258004,0.34616032544450864,-1.4795264961791945,-0.49985735474051207,0.2527182626043917,1.0946576112763537,0.12895253222869515,0.7236818304071869,,0.5973173871629278
2025-08-15,0.07264290450133665,0.08701257148672271,-1.3962735519706664,0.15126715483197561,0.8925967052290925,2.1164227260184587,0.7889597016070442,1.4013340755331898,,0.8633136738973108
2025-08-16,-0.7826149242867081,0.011985578367954311,-1.9245885024708522,0.8243358113950225,1.5717424391660295,1.2919886889607979,0.44812018230769535,1.173122006322905,,1.0035622666597455
2025-08-17,1.0172116750215916,0.8732530046348389,-2.2664037465803863,0.5733792466835286,1.1928039704494238,1.276985233010797,0.4554183132394391,0.9225938871220096,,1.072256134592752
2025-08-18,-1.205013322311598,-1.3339707353492323,-1.5434638172946933,1.4030266009210481,0.37057730634441166,0.5043089351311301,0.3165348871331479,0.728044142832292,,0.9256174684146943
2025-08-19,1.5776873376061946,1.0722861724908126,-1.1820025748865137,-0.5031698396153779,0.3859026038937932,1.098663335317419,-1.0103629710818458,-0.17322729713839782,,0.8754127665037944
2025-08-20,-0.6954752515546024,-0.07977535476294274,-1.356150286602288,0.4731551884913569,1.2081041622651336,1.2380174600308096,0.2810874532524477,1.665754862426919,,0.8746900024233125
2025-08-21,-0.16351662766598435,-0.5717334241279216,-1.2722439432604096,1.2957302095445704,1.218418993554748,1.156877529176364,1.1044966641620042,-0.023285739882685643,,0.850787891421836
2025-08-22,-0.09079745568522289,-0.839951409647716,-1.1888470888730935,0.12375883137935872,0.6068447892207927,0.7300272970569388,-0.6582977835696971,0.6879047078306034,,0.6158036704079279
2025-08-23,0.27821830963931665,0.5139417137985334,-1.5977642884831125,0.7733919958964537,0.9380617796131517,2.0882568169468976,0.6233856873901434,0.4737056768616907,,0.9108407835786624
2025-08-24,1.4185473749980646,-0.30176759001791625,-1.497249441025437,0.006016491398408778,-1.0588764418389707,1.5401445205857431,0.33453714127208306,0.8267440901752113,,0.8729853864139794
2025-08-25,-0.017550710023861833,-1.2416932538800163,-0.9118379311579552,0.041403013384753225,-0.16603556869290015,1.3911425759372327,-0.9054433885079481,-0.0448073793270071,,0.5899892276139593
2025-08-26,-0.48073435282996335,-1.320671450524623,-0.601887676372386,0.9954811629482271,0.6828083191278616,0.3224749066499465,0.27920778865803897,1.0456927146861439,,0.7161197964746489
2025-08-27,0.10097862563764526,-1.0280407785621195,-1.9067681330805495,0.2787275775458621,-0.6487582134684191,-1.3645539925119479,2.2033789172083926,0.9143181647738822,,1.0556905503486023
2025-08-28,-1.2368046186066355,-1.0351677614814876,-1.5036360777607172,0.4166874353898714,-1.2745571427185531,0.7002966121510048,2.2445528116643527,0.5618638381956399,,1.1216957872460327
2025-08-29,0.0840350053275107,-0.4350966214849424,-1.487533631744413,1.0077756483833555,1.7266606179479234,1.330931274054535,2.366144359118001,-1.1025823444291325,,1.1925949378112266
2025-08-30,0.9485182313602465,-1.0254854501974635,-0.835738340738975,-1.2549271109342728,-0.909687427674746,0.47973059433486004,1.003381051493554,-0.8221566810494301,,0.9099531109729434
2025-08-31,0.04733643683705114,-0.8421630121650908,0.2055067145101085,-1.000836870874719,-2.5423481396654495,-2.1927106055390984,-1.4487680672002794,-0.6528157037831921,,1.1165606938218735
2025-09-01,-1.2543364045099885,-1.1723097024455638,-0.7666630252626486,0.7545327479408438,1.2696798546428292,-0.31949868060669356,0.04961609629884583,1.5197793239490496,,0.8883019794570579
2025-09-02,0.2922404467676137,0.1099148790463458,-1.0557612065392954,0.11206252054125594,1.0394616841985456,1.0479260769646372,0.6365273470778574,0.18987123626733726,,0.560470674675361
2025-09-03,-0.7699198242240548,-0.8846537101691876,-1.3470922006924955,-0.7695196556905829,0.24249704013469495,0.8942844366791584,2.267214561040438,1.0930353503493835,,1.0335270973724995
2025-09-04,2.099034806794529,3.0063068919921876,-1.6361645541716212,-0.13485433458095158,-0.007929054335798212,-1.3775987824279181,2.7075790404751907,-0.767802450089279,,1.4671587393584344
2025-09-05,-1.0200658998053194,-1.2545082905920217,0.6669615866840568,-1.3818554594796892,-1.8378781586904032,-1.658045104608449,-0.011587834524571522,-0.5259317007190693,,1.0446042543879477
2025-09-06,0.035534281127702454,-0.8710634857633727,-0.4356317838780309,-0.4409424900032236,-0.18721073274519776,-1.4756001124750662,2.6210843710092115,0.7360887576427004,,0.8503945018305632
2025-09-07,0.9954657563583692,-0.9405812023746072,-1.1836538525520877,0.49554158257152914,0.43815316174417673,-1.428467264698518,2.3141419658253803,2.0973713988109868,,1.2366720231169568
2025-09-08,0.5724288557558443,0.8656814822749557,-1.1057402030199084,1.3277663171775218,0.2531402057440195,-0.8004096140911189,2.5636111925214813,-1.548212857266858,,1.1296238409814636
2025-09-09,0.5984981614527206,-0.4599314422792474,-0.23875085839969634,0.11145939885670517,-0.36225850219793027,1.4293811512622947,0.6598288790738581,0.4469255598699955,,0.538379244174056
2025-09-10,0.41632707945395536,-0.39324250178349557,-1.7556736419696855,-0.17024063382802876,-0.5723766790859913,-0.026631879900977467,1.4121796217469782,-0.16983025457574322,,0.6145627865431069
2025-09-11,-0.26865267566398365,-0.6928312277984322,0.3737535482590559,-1.5126210081821105,-2.120708583590409,-0.17577338126435674,-0.39258742536831065,0.1784472461452986,,0.7144218870339947
2025-09-12,-0.16124011291541523,-0.6031230264698926,-1.4243570613488523,0.6575369649085293,0.6018788183216505,-0.8236216959912157,1.6262591716386854,1.03191413487152,,0.86624137330822
2025-09-13,0.31843237445225553,1.9981634628226108,-2.539304363545662,0.31998905435472424,-0.1745573532752122,-0.15581026711094437,2.1563769617398116,-1.8694689131854823,,1.191512843810838
2025-09-14,0.9743550295401802,-0.5884877430547792,0.7098316729063641,-1.8822749802181593,-2.1256923508498646,-0.901698961834802,-0.7343718344990956,-1.580700300090852,,1.1871766091242621
2025-09-15,-0.519246892258307,-0.15861394605095055,-0.6632782828461924,-1.8695185614677707,-1.261206437473666,-1.4513396362840751,-0.6274244799603924,-0.26582649210010795,,0.8520568410551828
2025-09-16,2.0746333422043395,0.43622112514708417,-1.889524696000607,-0.24688039508887635,0.3234983196103155,-0.269541289356092,1.398902886161519,0.37806191628347,,0.8771579962315379
2025-09-17,2.156952719359699,1.7865263683508896,1.1781831612241351,-0.7479009244448357,-0.5152474886604341,1.306419423510269,-1.3538751045966124,-2.538956702540364,,1.4480077365859048
2025-09-18,-0.9240354693707983,-1.045428486878875,1.5675722991828605,-1.686622656745823,-0.6934007996513369,-1.331884866928121,-1.1678785720288098,-1.4168481853833124,,1.229208917021242
2025-09-19,0.44917595305454167,-0.6641559624469932,0.3015209897000437,0.7914413438950052,0.541095839836494,0.9923547377817264,-0.5626614647835742,-0.19660311242260933,,0.5623761754901235
2025-09-20,-0.19761391773198336,-1.3872376059068972,1.8714997770572515,-3.5468210159236455,-2.5633584646691174,-0.9741191407213431,-1.8324619092143744,0.5960330883460242,,1.6211431149463293
2025-09-21,2.932744666643438,-0.06959612319162993,1.397174582092228,-0.10183630485140381,0.11319595017956688,-2.089464127718125,0.06584679380324884,-2.179254896495883,,1.1186391806219405
2025-09-22,-0.06912245766476842,-1.3333527595335193,-0.18453249197444602,0.09251757514902996,-0.8711374602884658,1.1192549674458567,-0.714707074912156,-0.5688246297351716,,0.6191811770879267
2025-09-23,-0.548361475550554,-1.1942797152984348,0.19769561945446543,-0.06808127734975337,0.4766598646141606,-0.9919093780375944,0.619586584966583,-0.5852600025503459,,0.5852292397277364
2025-09-24,-0.8863960344192543,-0.659384058148492,0.5930868583633963,-1.1944262415381108,-0.8530872210874059,-0.2078487744990089,-0.010075501721448832,-1.0558197860546228,,0.6825155594789675
2025-09-25,-0.682327826545901,-1.0647983643192203,0.2278535487334995,-1.5614876767234247,-0.9193311060787182,-1.4337357478893507,-0.5228174070879817,-0.8264968575960489,,0.9048560668717681
2025-09-26,-1.7303924284071135,-1.4034021618676127,-0.5962564743307875,0.7579563877441655,0.9736992162983139,-0.05854356232791439,-0.20899049268238676,0.009724665727277268,,0.7173706736731964
2025-09-27,0.16423515061058117,-0.09372397198288404,-0.9784299445614908,0.7668749479864572,0.9759867916148722,-0.794923514189328,0.29301126082811946,0.20396456771938648,,0.53389376868664
2025-09-28,-0.5556609165493959,-0.9233824641365129,1.331120432855506,-1.4197770073939362,-1.2104019022922778,-0.49771339482750176,-0.19237966080616148,-1.3249735564513176,,0.9319261669140761
2025-09-29,-0.1809152613819862,-0.6349403853722437,0.900595946782339,-1.0656383841647785,-0.8512685415688289,0.9588413088631944,-0.4842941867389929,-1.2581972254457545,,0.7918364050397648
2025-09-30,-1.3272595395384696,-0.5031054905677504,-0.21204065721007356,1.597377383671764,0.8610947564812517,0.6012494158685083,-0.027886363815949302,0.1266159559090138,,0.6570786953828476
2025-10-01,-0.504074028613708,-0.5016015922880521,0.18553557505881577,-0.8370923701837216,-0.5131547282756324,-1.212476283363222,-0.560396282314409,-0.042915425170104764,,0.5446557856584582
2025-10-02,1.0232782868318355,0.3711303894490951,-1.3227864440522414,0.7244961850007388,1.1345447558818438,0.7540043901500812,0.8568815096458913,1.8002465636086364,,0.9984210655775456
2025-10-03,1.63958980929758,0.6279696605780812,-1.9142785685857828,-2.288476308866547,-1.9358750463133332,0.24892312519443419,0.3404544642718642,0.5662901902566055,,1.1952321466705285
2025-10-04,0.5255488929968382,0.0871173560743971,-0.48556395842730166,-0.31041972525452866,0.34047779321301186,-0.6712696664041921,0.9657789904854924,1.069012969416626,,0.5568986690340485
2025-10-05,1.7025719177020313,-0.3813937684781507,-0.07525996611745506,0.1543508773068675,0.8046757218006753,-0.23168037913616188,0.20663432925657602,-0.41998242190313256,,0.4970686727126313
2025-10-06,-1.4623744217186796,-0.9315485800277463,-0.4257807019384594,0.9188654320647703,1.2076644893744701,2.44123021020813,0.45048371336555204,-0.050911126470584024,,0.986107334396049
2025-10-07,-0.5423954087171523,-1.0301047791428077,-1.1292601981734736,0.40983651002831584,0.9567262775848652,-1.0994206183121695,0.7983862015302017,0.7478537467469843,,0.8392479675294964
2025-10-08,2.5213666899161415,2.522566489200116,-1.0842857905901648,1.4976475993498843,1.1838613118151786,0.40837531104829555,-0.12325687215339656,-0.7364115378429793,,1.2597214502395195
2025-10-09,0.7007219242410463,2.0691490894435685,-0.6825760780738839,-0.2495371535960138,-0.7301179608307065,0.3517323271099044,-0.774196090162486,-0.7444374846916174,,0.7878085135186533
2025-10-10,-0.2033927867099575,0.6070353447929137,0.0,0.16455428856641696,0.08554948054485081,-0.012839374290376838,-0.6108349561050782,-0.8745733546179225,,0.3198474482034396
2025-10-11,-1.1078270454289973,-0.5255883576877859,0.73282810879296,-0.5744515367966814,-0.021515543732352285,-0.6890672283240196,-1.1510791476663254,-1.2746468385227847,,0.7596254758689882
2025-10-12,-0.7612872668280333,-0.8670211231526691,1.028302487379763,-1.748787909644239,-1.2249440374233227,-0.027260692852730778,-1.1906286766347554,-0.4304378537492423,,0.9098337559580945
2025-10-13,-1.8686751651185298,-1.3336133341803893,-0.8677614206673431,0.6333334087367966,0.5679727456327978,-0.5285968235794278,0.5498980470279436,0.3099990535244502,,0.8324812498084597
2025-10-14,-0.7435853449816265,-0.9309120388534095,1.0222681304331658,,,,,-2.8719253080951543,,1.392172705590839
2025-10-15,-0.3531075739151463,0.22780280843538753,-1.1976536137907128,0.6963041474288335,1.1597450104204545,1.1006096005610122,0.23523168153183974,1.4177355671153193,,0.7985237503998383
2025-10-16,-1.1199375514216665,-1.0482203024477104,-0.8795600147036581,1.0797961405905159,0.7684648571153475,1.002475905233089,-0.21928802999010372,0.3893057284647605,,0.8133810662458565
2025-10-17,-0.9186526522184026,-0.9352756103344171,-0.8217152835843292,0.3335189687079945,0.7902363765428717,1.8165223743678303,-0.6952163610754689,0.3941505725447851,,0.8381610249220124
2025-10-18,-0.05988024251644708,0.14339735631951392,0.0,-1.4538018352782964,-1.0574209468504496,-1.5355213927402427,-0.5997696452649439,-0.6098178669560821,,0.682451160740747
2025-10-19,-0.36906311592429003,0.20042032214429026,1.1524857162829314,1.2838604277988888,0.5621136244168904,-0.6690727934447094,-1.2851445868994973,-0.3592982267283564,,0.7351823517049817
2025-10-20,-0.2627279496674933,-0.044198587112093804,1.2318449011402453,-1.2893840660555893,-1.3750156306895331,-0.4793113165753051,-1.4713658760584964,-1.1210581597831903,,0.9093633108852432
2025-10-21,-0.36245990574876197,0.49734282504402694,0.8802184630388703,0.31600398949717745,0.4235080680565938,-0.4315193604112186,-1.2223901521761664,-0.716056399170741,,0.6061873953929445
2025-10-22,1.5125370909805593,1.677054626507394,1.5972319371356118,1.412317303816644,0.2539569165918619,0.4221067683605526,-2.331830419994842,-0.7916405609958473,,1.2498344530479142
2025-10-23,0.28370443091815944,1.4672080407918626,0.379004188472856,1.1299927042536417,1.092125243417742,-0.5019237937474251,-0.30111971995443193,0.7166906572375544,,0.7339710973492092
2025-10-24,0.47966271708648744,0.48116660552862067,1.1617640156731401,0.17513410240465438,0.25771844561833535,-0.283045173264218,-1.2281775802905353,-0.14158549526406303,,0.5260317668912567
2025-10-25,-0.33612152731038575,-0.8561219518852047,0.7421423002352613,0.26958929541244814,0.2821424874634471,0.16378141383736075,-1.0367521327779796,-0.420379973256455,,0.5133788852723178
2025-10-26,-0.6905876645997628,-0.7760411554604489,1.0682360587218669,-0.9155466404053634,-0.6308483645757484,0.2896806730025273,-1.227706885880533,-0.820998785267955,,0.8024557784892757
2025-10-27,-0.8978546834214765,-1.0045271895622916,-0.13209412098590395,0.7529881613275005,1.2227814306128468,0.12120227367279432,0.8110091368357001,1.0092503082354856,,0.7439634130817498
2025-10-28,-1.3686661752331388,-1.1606928151262315,-0.47881886517450145,-0.3595139957458158,0.20966810632604482,-0.4362060272537284,0.1360827634879544,0.5758402506104282,,0.5906861248697304
2025-10-29,-0.05744534530916674,-0.3688083780070794,-0.43325276048621886,-1.1177946134844534,-0.7508042738051273,0.548690078714219,-0.26721110288806293,-0.395728793971052,,0.49246691833317247
2025-10-30,-0.044134601114767,-0.43206620097041754,0.7877620563968286,1.1471001217903702,0.5005201864132208,0.2841998206496702,-0.631704815103347,0.0719343645676074,,0.4874277708757786
2025-10-31,-1.3284834392756322,-1.0356060177484436,1.513542080025823,1.0043270869316034,0.5296763555685948,0.235243923181432,-0.6088593549030374,-0.41396108818471844,,0.8337124182274106
2025-11-01,-1.4556973988899764,-1.0702727049940597,1.7551473313758947,0.05026198625830708,-0.38930762830871807,-1.390996399669463,-0.6932062673193095,-0.949218948211568,,0.9692635831284121
2025-11-02,-1.328966044789789,-0.9428247610418965,-0.26716647100454494,0.06450268961787149,0.46156585107984927,-0.2198990163407483,-0.6400471269996654,0.014731546510980143,,0.49246293842316813
2025-11-03,-1.1812544415290254,-0.8696417423730063,1.3185756277827927,0.363694070276709,0.10722011794726845,-0.10431108484968586,-1.3388032532921899,-1.068773371852905,,0.7940342137379479
2025-11-04,-0.9954586948631492,-0.8450007442432134,0.4660868055590502,1.333648264350736,0.9452098482813381,2.095504135606279,-1.1109417962473516,-0.19580760693569185,,0.9984572370108512
2025-11-05,-0.8454282973220786,-0.7697913845126374,1.2009419504730203,1.1310082785747841,0.7954863302677134,-0.3888462826012907,0.24980188631420946,-0.03991384238753044,,0.6776522815566581
2025-11-06,-0.41467107965630956,-0.4680573489810942,1.5092181848715254,-0.5200054813622,-1.1103755309343604,-1.6317900689919855,-0.953246282716611,-1.409944139380313,,1.0021635146117998
2025-11-07,0.6217010782193801,0.7674775232548041,2.124989973439209,-0.18124286790655067,-0.3803071639370947,0.23095156900460773,-1.6144120966532178,-1.717203973374357,,0.9547857807236526
2025-11-08,1.2839028934944567,-0.03367601749552047,1.9397019991387614,-0.403987775644561,-0.6907902694850824,-0.891242427911447,-0.9669919333885837,-1.367840263921487,,0.9472666975599875
2025-11-09,-0.894278569500883,-0.651920040941055,-0.3728168724142776,-0.9037272913028156,-0.15582736315262105,0.9552086940305301,1.9196899707053345,0.7892934973615431,,0.8303452874261325
2025-11-10,0.6403969391784347,0.8501882319468014,0.38465462908104575,0.2601296915863639,0.531929868684927,-0.29867494120959287,1.2823566044594419,1.076917124391038,,0.6656560038172057
2025-11-11,0.7979865341491974,1.0709324677567473,-0.35913316206064566,0.3570407644107294,1.0427292448612346,0.04495312228113119,1.4986852612332586,1.2383851675997195,,0.801230715544083
2025-11-12,0.6700293585875678,1.8459290918020042,-1.162184689363247,0.64598891332728,1.6767933557274095,1.0158455604928145,1.0510571443655496,1.252317349880751,,1.165018182943328
2025-11-13,1.37102032312179,1.485509308263538,-0.7264725064947007,0.1578267947524995,0.27717963616901814,1.3735564041906354,-0.6739622716455186,0.2804150752424294,,0.7932427899850162
2025-11-14,0.6713510947201689,1.7719922058769881,0.3879301570191748,-1.3470219685374778,-0.7998687153060001,-1.2424758289563314,-0.2736254962906597,0.3675579455723999,,0.8577279265349
2025-11-15,1.5612552398496333,1.511934942991251,-0.5093144817585374,-1.0112283077649227,-0.9290499205120916,0.8809382558651284,-0.0615457454896668,0.9322527959747384,,0.9246899612757462
2025-11-16,-0.12803242830249933,-0.32665299131407693,-0.1394062507745871,-1.742066942004019,-1.5516318029099343,2.230522872164308,1.172334867238125,0.3191078637532074,,0.9512195023075947
2025-11-17,0.0919116747739551,0.35146736940788675,-1.487464835375726,-0.6535102009966332,-0.7207236830024496,1.578775194592381,0.45089802586081734,1.731127644507676,,0.8832348285646907
2025-11-18,0.9295407720657269,1.3218371555006059,-1.3801726697321146,-0.3863771996084132,0.3543463013476484,-1.1455528879968473,1.8686902507403407,1.8163791106647287,,1.1503620434570532
2025-11-19,0.5978974988774147,0.9886166954433718,-0.8853381479590821,0.58057258115882,1.6800923977160813,0.44806463826557963,2.348289675541878,1.7761161583145548,,1.1631234741595977
2025-11-20,-0.13832539808282945,1.0219990173034381,-1.6169852736566417,0.16344596228506372,1.196722875376812,0.9867712982112994,2.1941928953041754,0.6794034556224374,,0.9997307719803371
2025-11-21,1.286760457028734,1.2534821670527951,0.4744619639667182,-1.8901603777420914,-2.8784916685157027,-1.2929821780957746,-1.065346345516909,-1.6390384157254687,,1.4725904467055242
2025-11-22,-0.9382094413813201,0.47937085407856017,0.8423780871542605,-1.622749533237383,-2.2402724163385552,-1.7963504902246812,-0.7372741957449294,-0.3525274840041982,,1.126141562770486
2025-11-23,1.1225820984647124,0.2065562902334163,-1.149568358520477,-1.2434863099687938,-0.7863794165984909,0.10748588670530254,1.4291587927667717,0.6969677937868836,,0.842773118380606
2025-11-24,-0.11948019356405451,1.5103689189070555,-0.7103669460514925,-1.9242801572889887,-1.6428595485973667,0.10482372797460107,-0.5194684656415983,-0.2604620661515936,,0.8490137530220938
2025-11-25,0.27758545060791995,-0.3073946605656247,-0.6677420600760543,0.5711563577759694,0.9528530120336947,0.1576760277937276,0.5483943352198372,1.09409283722409,,0.5721118426621148
2025-11-26,-1.008740259084836,-0.8171194650154702,1.2431685186455959,-1.9273474655261966,-1.9290167098447315,-0.6090243680249848,0.02396889038582082,0.4128230500958248,,0.9964010908279326
2025-11-27,-0.40839934873746614,-0.7847592086311347,-0.36054745313993825,-1.0635866871685067,-1.2747268454805962,-0.9482613339398558,-1.4400032055906364,-0.10297130404941496,,0.7979069233421936
2025-11-28,-0.07293193190029396,-0.19058058089413255,-1.1617640156731355,1.2690149526971348,1.5865964763870999,0.7724686523931187,1.1353134485791692,0.006070050712031984,,0.7743425136545146
2025-11-29,-0.053423302322679646,-0.7070002745860522,-0.34645964918494476,0.6220406132871514,0.663825527386247,1.8080620951481385,-0.7450719873347762,0.12747106495266994,,0.6341693142753324
2025-11-30,-1.1340734478501773,-1.2458648697332637,-1.7688963361541525,-0.5554599180086827,0.0941773947697339,-0.6774085769281546,0.6955648524533222,0.7494591127279449,,0.865113063578179
2025-12-01,-0.4164276731427651,-0.775544134363817,-0.9423447144651238,0.7369589762587774,-1.1001156624286752,-0.14533612423272851,0.008958865120834313,1.2060618770618794,,0.6664685033843251
2025-12-02,-0.044338435298441385,-0.23090623096968083,0.932746656960555,-1.0699318142466763,-1.1476819962731097,-1.201227735048347,-1.7353279592003605,-1.2927858509354417,,0.9568683348665765
2025-12-03,-1.5427661711291953,-1.1127721883395572,-0.18161812662367624,1.2987335214947413,0.6700750514354583,-0.4653442658842167,-0.613212466464476,1.1312818348643008,,0.8769754532794527
2025-12-04,-1.6951240327522603,-1.3781183391531522,0.9452845645334172,,,,1.0018682550687215,-1.8591916989580923,,1.3759173780931289
2025-12-05,0.9612591576823941,0.47386598945801806,-1.5967900515891718,1.4131602764801618,1.0095049376562426,-0.7094481479892976,,-0.05514045429760976,,0.8884527164504136
2025-12-06,1.8074577394636961,0.8593197884275442,1.0309046192482672,-0.4995075093677386,-1.080148291222736,-1.8540714662039062,-0.8064927887417218,-1.249675395398059,,1.1484471997592087
2025-12-07,0.021636000799959695,-1.248251119193733,0.7632340806396799,0.11594258706658635,0.5570217954943177,-0.6891635788404918,0.29316057073563195,2.2188559052550674,,0.7384082047531835
2025-12-08,1.8221170511164773,-0.614827951528559,0.47204577824468774,1.7006052856451594,0.7011089853696342,-0.9475553588614072,0.6391241609202767,-1.7863206059473893,,1.085463147204199
2025-12-09,-0.18640319671263367,0.43273780245635013,2.0498212763112127,0.23910371260379254,0.09417881893024925,-0.7712833696818849,-0.5326029976778561,-1.255889516767955,,0.6952525863927418
2025-12-10,0.36006844281238876,1.0057502962795637,0.382325768363783,0.6126445979871158,0.6374821060192694,0.2539423538177995,-0.6259623128982401,0.21768238540367207,,0.5119822829477291
2025-12-11,0.9803573226921923,1.4496485270514627,0.7705448881823396,0.36550230381253646,0.3604089982275416,0.6400185196979101,-0.5788848765720944,-0.5580631886877574,,0.7129285781154793
2025-12-12,0.5683485972843336,1.1850034161484408,2.16701076772169,,,,,-2.826197869751676,,1.686640162726535
2025-12-13,-1.087881878642703,-1.2634296258942737,-0.5579728324073796,-0.025500497529004785,0.43084752787138364,-0.04868137255156146,-0.566609942801909,0.1505667590936409,,0.516436304598982
2025-12-14,-1.6152213823216781,-1.3677655556689619,1.3277903807775742,-1.2821920197693588,-0.7979124219915283,-0.6391517970417361,-0.03931855847992157,-0.5266877400186017,,0.9495049820086701
2025-12-15,-2.02741828878584,-1.461864177821872,-0.5537118087482362,0.2287035569419613,0.4842062744182424,1.3871940301970969,0.6074928962939568,0.6214568063880681,,0.9215059799494092
2025-12-16,0.5537873822538524,0.771816495398363,1.8934625830077847,,,,,-2.4061630607133875,,1.406307380343347
2025-12-17,0.10452609477691728,-0.11811347911855537,1.4265259439320743,1.5211072118779518,0.6039070441528129,0.5885234482642877,-0.8295823613260492,-0.15044558393752433,,0.6678413959232716
2025-12-18,0.4943560970137695,1.7456376705473298,0.35054437084655743,-0.3101208232130886,-0.4633054966863375,0.5938080994531371,-1.019332971733971,-0.35653618289178995,,0.6667052140482477
2025-12-19,0.6370636411348218,0.23208189735055396,1.8935389625623482,,,,,-1.0982562306590224,,0.9652351829266865
2025-12-20,0.5525194846432794,1.4986613711663763,1.4600769819605826,-1.0627125447710224,-0.6711766223190695,-0.6948935907719598,-0.9723355882679316,-0.8665530940679748,,0.9723661597460245
2025-12-21,-1.549419698661897,-1.2460405230981189,0.77140293115309,0.16913494579231406,0.6134262630262619,0.1412815511548775,-0.6755227665906454,-0.11958788669444073,,0.6607270707714556
2025-12-22,0.7276814220619077,1.1515577205224474,1.0576878116474544,-0.6441228638771456,-0.872402327404315,1.3137720040618304,-1.912536660108835,-0.9066670899524831,,1.0733034874545524
2025-12-23,0.16845322722874123,1.0020561803815935,1.286666765659162,0.46373096880197945,0.5648597485543019,0.2930447755048255,-0.2145816675036314,-0.05954858762801108,,0.5066177401577807
2025-12-24,-1.314417837777067,-1.0855281415726568,0.6013132362941178,-0.004302399521269197,0.4382481713220193,-0.6850864240669524,-0.5186993780166551,-0.05374882273220983,,0.5876680514128685
2025-12-25,-0.05732459153341751,1.1913646103314606,0.8633548089310906,1.322620373566549,0.6849368622907683,0.3399956637377184,-0.9211674089872417,0.3743553207110871,,0.7193899550111666
2025-12-26,0.04769395359611613,0.8146585990775327,0.8460137780735826,-1.167960273144023,-0.7586524412351844,-0.5282158840095268,0.36334623449348147,-0.13329548512318234,,0.5824795810940786
2025-12-27,-1.1537368749684231,-0.927385677817064,-0.14062593169516666,0.6588603012010462,1.2400566094018513,0.584310893080274,0.15267620413811417,0.8702239275325923,,0.7159845524793165
2025-12-28,-0.6274657674840277,-0.8368430979031796,1.0889986856920508,1.5616003866808637,0.8470098741013059,-0.6732420831714466,-1.262915985705181,0.7203197017584383,,0.9522994478120617
2025-12-29,-0.7306856509935126,-0.6632312804980843,0.3895112110806989,0.9347692702698294,1.00852406131757,-0.6401453606669167,0.09286793101643359,0.24320312464169844,,0.587867236310593
2025-12-30,1.0013099552491493,1.5547558949532356,1.6731747550793623,-0.8061110020381723,-0.36302610124085666,0.7998291265390106,-1.6560854770202302,-1.4908785441070704,,1.168146357028386
2025-12-31,0.03147867611071731,0.9330403491591798,1.888145319813958,,,,,-1.548102796751668,,1.1001917854588807
2026-01-01,0.7369856469287557,1.4543075770046805,1.1173642106636696,1.3206269074760972,0.7572839959884975,-0.49464327044087075,-1.3152878836791448,0.2283706278399068,,0.9281087650027029
2026-01-02,0.5408986453821385,0.5161521207498784,0.04699214770102524,0.17502051551691966,0.5703303761212059,-0.24855617814706946,-0.27507276242940093,1.1569667829444767,,0.4412486911240143
2026-01-03,0.24611003161657138,0.6252331794261695,-0.9716923620733334,0.44012611237476706,1.6013240908083024,1.3384747764929887,0.35211415052508127,0.9198284282133278,,0.8118628914413177
2026-01-04,-1.293838497268816,-1.1838761001812002,2.121167059857758,0.6274502036293936,-0.029265361070806087,-0.2469380485289398,-0.7715167498104567,-0.01598901623373469,,0.7862551295726381
2026-01-05,0.39098168621947305,0.12819805186710456,0.6027233372759274,0.659056128618967,0.3843059680381064,-1.0551821345719699,-1.0928471491502871,-0.06993038684690868,,0.547903105323593
2026-01-06,0.46881293544514313,1.565972914465929,0.5580822943396242,-0.36369605267973704,-0.22294872515703204,-0.062355370007242866,-0.6573052110097507,0.34986950146681517,,0.5311303755714092
2026-01-07,0.5544898115330804,0.5613158042519343,0.8708209999986083,0.09664291468197118,0.32309716980119213,-1.2321680059713678,0.025630804566077307,-0.16226073541116787,,0.4783032807769249
2026-01-08,0.7817241582263269,0.5445036377943095,-0.614373118403735,0.519767596166753,1.5477203030095004,1.2649812172776487,0.26713261082473605,1.6258142544476384,,0.895752112018831
2026-01-09,1.7249991734901597,1.4689072084703922,0.4654003764216906,0.8627423298033953,0.9147655988831738,1.6239062082623312,-0.794796319222864,0.18578710110171553,,1.0051630394569653
2026-01-10,0.6881213344612925,0.9530425677385181,0.4213344472074896,-0.06937447462622733,0.5876431414689733,0.30344309367148464,1.8884797388107977,0.6020702481902485,,0.6891886307718789
2026-01-11,-1.5927439768424385,-1.3142430250880504,0.7965535511365965,0.1837043414361233,0.2843351017749492,-0.8934377800875588,0.23351212837358726,0.7587666188578028,,0.7571620654496383
2026-01-12,1.2475832472580852,1.4489822702681587,-0.49266264159622075,0.033099607249630056,0.4656304009746072,0.1410736067696562,1.402718854702058,0.8550199847554415,,0.7608463266967321
2026-01-13,0.9034043610152926,0.37276129554961446,0.34851968177764453,-0.510782856910357,-0.43926063702046386,0.6457323664977419,-0.36986852999077086,0.21622126297512498,,0.47581887396712624
2026-01-14,1.4267614725591513,1.2063557477192635,-2.0008761141390714,-0.3806567675955178,0.6294472756086339,0.5220231814362817,1.0315308550700504,1.3053536935470542,,1.062875638459378
2026-01-15,1.4434390517602531,0.8571876371798882,-2.171581397453462,-0.5440197078106785,-0.2376377573655721,0.14842805456808966,1.6061675134153712,0.7660365051539529,,0.9718122030884084
2026-01-16,-0.2916665103811054,-0.35740846903799817,-0.4413533264737104,-0.3830060058499483,-0.11108571718754592,-1.2239282797310087,0.04770794594303105,0.6790479376251941,,0.44190052402869273
2026-01-17,0.4167586043849665,0.2951608520698073,-0.05873075190349316,0.4397997499258503,1.3593780729610039,1.6312628809960317,1.65926241330876,0.6978508876180314,,0.819775526645993
2026-01-18,-1.5862385481612022,-1.6475369777489672,0.8222305266489073,-0.04330776180636601,-0.11135675227307446,-0.33283050198365666,0.9900760983157947,0.8182872047485574,,0.7939830464608157
2026-01-19,0.39537057816490906,0.623528448274015,-0.04416146932830502,1.2900946643255102,0.4119995663047657,-1.2539838000048096,1.6689894769167284,0.5869628252455291,,0.7843863535705715
2026-01-20,0.7884407335744844,0.5118084522249375,0.36867398868955137,0.09484327362356444,-0.3574890817878618,-2.436412740118592,0.8209006474635685,0.37599276770152307,,0.7193202106480104
2026-01-21,0.3763768614040842,0.13005196705447356,-0.4992113911796933,0.8120073547350068,0.9465835137794015,-0.6853041678520483,0.9719481888066004,1.3453443287146218,,0.7208534716907413
2026-01-22,1.638791874366326,0.31182157953097706,-0.8853381479590685,-0.14845240026585257,0.6084766763693734,-0.6425415882196099,1.306264074286465,0.49697712570288666,,0.7548329333375698
2026-01-23,0.9005067275521343,0.1459248176102642,-0.029132416446813154,1.0938159302809658,0.7135448997764688,-0.40050306545871667,1.0343808541965978,-0.8024381768291341,,0.640030861018887
2026-01-24,1.5588952753639842,1.5468336484340712,-1.259214672632108,-0.4789015081233658,0.253066004828637,-0.010289505481980835,0.3918849986268772,0.4873058522558352,,0.7482989332183574
2026-01-25,-0.2713116357875461,0.04623991042403965,-1.18586172483232,-0.7346482577819213,0.006078927068878913,-0.029761080326808236,0.7868269175178096,1.4241508189419771,,0.5606099090851626
2026-01-26,-0.06982796463457895,-0.43552065084719305,0.4230985058813351,0.9848200970146941,0.050074244280676174,-0.7973560576661927,0.575942677596149,-0.4069838855984448,,0.46795301043990795
2026-01-27,0.48342070628984113,0.29119995415425964,-0.7972706934231297,-0.4308946275650941,-1.1429882269289098,-0.686324307750202,0.3242695114041767,0.032380255487574144,,0.5235935353753984
2026-01-28,0.9874968609401551,0.47769859471306414,-0.3776545389899032,0.8680908660011045,0.46000461116775626,0.18758606095430783,0.3165531991848098,0.8376147857774476,,0.5640874397160686
2026-01-29,0.9353966643104191,0.39320381784590014,-1.1413096864434882,1.195937821591689,0.4052395936605094,-0.6742223633894471,1.1153483016764414,0.8264517960221207,,0.8358887556175019
2026-01-30,0.2866000440214539,-0.7628938289589493,0.6256676874319411,2.347090030891337,-0.7498299126863416,-1.633499465609596,0.6503424171193606,0.3764085259160685,,0.929041489079381
2026-01-31,0.558471700292449,-0.25275682883375256,0.21279948341154148,1.863198540153979,0.8005273009154663,-0.936132282164456,0.3688892099505419,0.24592981756863624,,0.6548381454113528
2026-02-01,-1.216407431267352,-1.8693518573106074,-0.6790660807679092,2.192880872615768,0.9419834067680091,-0.060960918080693836,0.33166962716487786,-0.45947027382638156,,0.9689738084751999
2026-02-02,-0.916686789239037,-0.23263159474815687,0.17387281759534864,2.629953615705014,0.6577530395820681,-1.0603211422260246,0.07465487536925922,-0.24352771238251741,,0.7486751983559283
2026-02-03,-0.5427443654456153,0.09754106640739096,0.2879777570598458,1.2852510483198198,-3.9867457577146967,-1.8464200343615937,-2.2732174118179063,-1.8837058268234834,,1.525450408493794
2026-02-04,0.7056326645607898,2.367305049743179,-0.7398047739954059,1.456267478417684,0.6618790225752814,-0.1679145816449609,-1.4094422706274625,-0.5526642055743525,,1.0076137558923894
2026-02-05,-2.0295389733777283,0.07775522318027214,2.2524716319004607,-1.2594728322940079,-1.7721348473189495,-1.1533693582837232,-0.7305844659954736,-2.011568247258377,,1.410861947451124
2026-02-06,,,,,,,,,,
2026-02-07,-2.2590326049648626,-2.072170343660329,0.7612030358468939,,,,,-3.753541624529649,,2.2114869022504338
2026-02-08,-1.6179885666165061,-1.7508813496231583,-1.1592820605389633,1.3304057521510457,1.5645249894451558,1.7931627970105657,-0.6351073488299557,1.0704414949374963,,1.3652242948941058
2026-02-09,1.2522366338413098,1.281993411248743,-1.080728274486795,-0.7589819705199844,0.3823663799283781,-0.672314556515095,0.24613694493498786,0.7594918030525897,,0.8042812468159853
2026-02-10,-0.17046490629579591,-0.062204960860975,0.4360301940683548,0.9939352796047825,0.11192725526292381,-1.231746007097362,-1.421095191643329,-0.1068637107355981,,0.5667834381961401
2026-02-11,-1.9198457253527799,-1.8376255839091595,-1.0259890663126614,-1.6596051025163225,-1.4614685628801891,0.31952591872980673,-0.8011164066655725,0.8717186722293937,,1.2371118798244858
2026-02-12,0.42551267572875595,0.2114658262910262,-0.9575897952251495,0.5532805264366271,0.6161381251210346,-0.619804944403523,-0.30617357717306504,0.941100117097267,,0.578883198434556
2026-02-13,0.5974818700873186,-0.20272819225330502,-0.5139561687500612,-1.0594621792253487,-0.8405336219105747,1.363570877687751,-1.8668834278152135,-1.2626999870924722,,0.9634145406027557
2026-02-14,0.5308143954278577,-0.14509047166016106,-0.07717115889287379,-0.383931593229224,1.1845925568240063,1.6591914309228402,-0.17946902539187834,0.16041373329159048,,0.540084295705054
2026-02-15,-0.19671437968452635,0.053268557355620756,2.7031189245257385,-1.9716827929273126,-2.2702203851071046,-1.282804037667152,-2.560906596635908,-0.9468398728607255,,1.498194443345511
2026-02-16,-1.1529810054945502,-1.5467210180799777,1.2047290660547847,-0.6350260924850305,0.4008918628686393,1.590032620412257,-1.2349150000431177,-0.4134512281007208,,1.0223434866923848
2026-02-17,-1.3300875258717735,-1.6739098456301018,-0.1485510307387917,0.8371693549647299,0.052187749730484734,-0.2411443478586176,1.1648714455854994,-0.01537716297895734,,0.6829123079198696
2026-02-18,-1.4402991305129997,-1.5681583457789134,-1.0372232408359365,,,,,-1.9954098115236507,,1.510272632162875
2026-02-19,1.0429428650338055,0.2852086459088708,-1.3924967051930413,1.7003045764526503,1.1840442493056351,1.5296951985146798,0.27300684436738365,0.4114597325982859,,0.9773948521717941
2026-02-20,-0.2746600236559979,0.1551224879319387,-0.8886899164974073,-1.474772750029298,-0.7006043694461959,1.632358200048333,-0.4220730060713037,-0.2494060328575624,,0.7247108483172546
2026-02-21,0.7609597846820327,-0.6584126998216705,-0.43654943266539287,-0.2980788475783431,1.3658284107571266,2.386415338323456,0.12356921458018087,1.3616217579233842,,0.9239294357914483
2026-02-22,-0.49114158974603084,-1.2482190328155882,0.4677315349986359,-0.47129498967511185,0.33589308473167184,-0.4848825745591529,0.4185026331062109,0.44479184926933646,,0.5453071611127174
2026-02-23,0.6140693392631884,0.7717715509968465,-0.0158238261953758,1.3240941028499846,0.7265640545195309,0.3056868404829445,0.9122976428520927,0.7220488748631237,,0.6740445290028858
2026-02-24,0.8091880421675455,0.5164575651618646,-0.0482536815660422,-0.06909290108597207,0.10707259750814149,-0.30335305524682665,0.9122976428520927,0.8194624760498954,,0.44814724520479765
2026-02-25,0.6423566459201442,-0.05181489166476697,-0.47140452079104317,0.21319812483499917,0.7930750769305742,-0.5174711613308869,1.3608472785866927,0.3142902180750065,,0.5455572397667643
2026-02-26,0.26680499181573136,0.3928670617457113,0.4391342881218226,0.35212678245351803,0.25096410696150084,0.7889457535272223,0.3541931273033853,-0.3342869848746613,,0.3974153871004441
2026-02-27,-0.4275517972898106,-0.9694358900035471,-1.746436198232937,-1.0358853143094704,0.15222064355109075,-0.8080243824460184,1.2825624945613883,1.189398406823682,,0.951439390902243
2026-02-28,-1.6397853799854794,-1.3067544710376724,0.8578984833424942,0.27653312508280387,-2.319530028849561,0.895213293492538,-0.6120928163401113,-0.8716650985148846,,1.0974340870806931
2026-03-01,-1.7378247984618764,-1.2446308326356041,1.6497496082305172,,,,,-2.8419373199942717,,1.8685356398305675
2026-03-02,1.4388493776292597,0.5332666228357936,0.3682476804085966,0.32367508894187225,0.6580666945662232,2.077623263527804,-1.8408058996712418,0.13690015631993804,,0.9221793479875912
2026-03-03,-1.6888834093098792,-1.2672582534512964,1.8644584730944838,,,,,-2.2534475675282315,,1.7685119258459725
2026-03-04,0.4105112415135707,0.8409550772055275,1.0170952554312298,0.5550671790924022,0.5745991524316283,-0.16373220050393683,-0.14883720930232508,0.7203083596345338,,0.5538882093893942
2026-03-05,-0.2794287292968141,0.38021623055557346,1.3257215844071737,1.1267304811147318,0.4273464042292165,-0.09201605026538787,-0.7032921067437126,-0.09536813899926463,,0.5537649657014843
2026-03-06,-0.33546481275130596,-0.2740984525229391,0.1584186763997316,-0.007269828692867723,0.6181466356439212,1.193428626291064,-1.6006050293277239,-0.04614994522444288,,0.5291977508567496
2026-03-07,1.427793534343354,1.652355364806805,0.9868041191217546,0.3461562113474113,-0.04193139346887758,0.5057884773878398,-1.6633573721294832,-0.5430682769757786,,0.8959068436976629
2026-03-08,-0.4946082260780883,-0.9744159946802207,1.987125308031866,-0.5308835778640214,-0.45073367632771133,-0.5983047372341734,-1.9079169890775722,-0.7040132003114079,,0.9560002137006327
2026-03-09,-0.6963301796707487,-1.0208763671898695,-0.2382263112177742,-2.479372065096622,-2.1091303521467846,-1.5861888632818912,0.3957139475125653,0.32169601021245675,,1.105941762041089
2026-03-10,0.9286959770716416,0.7957467080949819,-0.6335926495988576,0.32477455771425423,0.6795223824083881,1.017392157738096,1.1776496165739399,1.2418286933982015,,0.8499003428247951
2026-03-11,0.009825724255273128,0.5164675808175258,-0.6534129996721928,0.6976494483430161,-0.9599297506800931,0.809628167878605,-0.44217329975167985,-0.14871077896499738,,0.5297247187954229
2026-03-12,0.20650873963517946,1.070611185941545,-0.6235677731766347,0.5896798074862085,0.5945298848100543,-0.581504082726171,0.9555701077740095,0.6255715323939235,,0.6559428892429657
2026-03-13,-0.05789474499501199,-0.42203725850966733,-0.2718362665249698,-0.8974938111373858,-0.8022019841291382,-0.6244485409338143,-0.4719052863699567,0.6877395425337219,,0.5294446793917083
2026-03-14,0.5394453839181307,0.7286794785587428,0.07922787563134968,-0.05512989738950751,0.6777438222551245,0.5217844404392622,-0.6357324608335432,-0.361587192382156,,0.44991631892597705
2026-03-15,-0.1527586477116433,0.006679470343419663,1.8591473421588178,0.2862161840266956,0.055505765021401296,-0.21631576650392842,-1.567516409104198,-0.1778951861400216,,0.5402543463762657
2026-03-16,0.32974866536034697,0.4401438868210192,-0.38680246716055855,0.03972938686776672,0.5766558378716845,-1.6613566770347423,0.21192434056310303,1.0063586337161858,,0.5815899869244259
2026-03-17,-0.460164260554464,0.10507261118519205,-0.7130508806821361,0.7651334647078929,0.6296296296296338,-0.11839161079070515,1.4840848658533514,0.80519702535075,,0.6350905435942658
2026-03-18,-0.8224002125853148,-0.4737052154399082,0.10707606140321067,-3.0752134343091315,-2.90188659006055,0.08839065468489181,0.06676946806414823,-0.6156468121548843,,1.0188860560877548
2026-03-19,-1.4808512148622839,-1.279541557562417,0.09382204947849794,0.05574977698477179,0.34472164477629313,0.02445450216306864,-0.2833133554873208,0.4121449171245801,,0.4968248773049041
2026-03-20,-1.2675008625099566,-1.3058938500911044,-0.7331634225184763,0.2512100327166792,0.07234546185870032,0.33228490801950383,-0.07523484848877525,0.5096185784619225,,0.5684064955831398
2026-03-21,-0.13151130357253363,-0.532484624602766,0.43860286350106903,0.16239031050458105,-0.07374821874638275,-0.8531736812692364,-1.4244792396853183,-0.03944861564033017,,0.45697985719027717
2026-03-22,-0.33170340166604206,0.4674563765405413,1.2056204370464658,-1.51228347677428,-1.4062823614139592,-0.3645846083576854,-1.1472308690168491,-0.9260391119726181,,0.9201500803485552
2026-03-23,-0.10453764694729765,0.597373936271595,0.727624749698626,-0.2363208384158294,0.1839434020560354,-0.9362118052209174,-1.0702859064094115,-0.17210262318227768,,0.5035501135252487
2026-03-24,-0.49531401048831414,-0.9452382085383084,1.0893497182800091,1.0631449811481548,0.28125000000000167,-0.09313256077055897,-0.8168225511026076,0.35755199240205277,,0.642725502841251
2026-03-25,1.0870735731347152,0.5546679030434812,0.6279011217788406,-0.6058238872874746,-0.24681429617912232,-0.2576844695558632,-0.5711405472328167,-0.5410524762820148,,0.5615197843117911
2026-03-26,-0.7638543561385026,-1.1304801298417926,-0.22463794808889379,0.386741541811938,-0.2299023939628476,-1.259850716182837,-0.32588167670502954,0.7853983789160889,,0.6383433927059913
2026-03-27,0.19023012707641732,1.3045814664616031,-0.6683083043636292,-0.535077073831435,-0.006871029826963314,-1.4669486466075807,-0.061448838256684776,0.4190097605437931,,0.5815594058710133
2026-03-28,1.5178234094437113,0.9819424389872433,1.3617758086067868,0.2650285952349102,0.5658117214935264,0.6368703880393883,-1.4433234703782212,-0.3651214870559453,,0.8922121649049666
2026-03-29,0.0761005244699452,-0.2713198458111128,0.4892131078184499,0.8043340434970101,0.6480062610990581,-0.006115881351035004,-0.5487361555176614,0.05101743444436716,,0.36185540675107997
2026-03-30,-0.4880697978394598,0.07557830807696002,2.0687180439637225,-0.3182127990278718,-0.5251822716799327,-0.8675769266291277,-1.3423427537081567,-1.210938466911783,,0.8620774209796267
